component,kind,version_used,version_source,sbom_versionInfo,cpe_version,version_conflict,matchable,unresolved_reason,oe_current_version,behind_oe,total_cves,kev,with_exploit,NVD,Debian,Ubuntu,Alpine,OSV,crates.io/RustSec,GHSA,cve_list
curl,native,8.0.1,sbom versionInfo,curl-8_0_1,7.87.0,YES,YES,,8.21.0,YES,183,0,1,39,42,176,62,0,0,0,CVE-2005-0490;CVE-2005-3185;CVE-2005-4077;CVE-2006-1061;CVE-2007-3564;CVE-2009-0037;CVE-2009-2417;CVE-2010-3842;CVE-2011-2192;CVE-2013-1944;CVE-2013-2174;CVE-2013-4545;CVE-2014-0015;CVE-2014-0138;CVE-2014-0139;CVE-2014-2522;CVE-2014-3613;CVE-2014-3707;CVE-2014-8150;CVE-2014-8151;CVE-2015-3143;CVE-2015-3148;CVE-2015-3153;CVE-2015-3236;CVE-2015-3237;CVE-2016-0754;CVE-2016-0755;CVE-2016-3739;CVE-2016-4802;CVE-2016-7141;CVE-2016-7167;CVE-2016-8615;CVE-2016-8616;CVE-2016-8617;CVE-2016-8618;CVE-2016-8619;CVE-2016-8621;CVE-2016-8622;CVE-2016-8623;CVE-2016-8624;CVE-2016-9594;CVE-2016-9952;CVE-2016-9953;CVE-2017-1000099;CVE-2017-1000101;CVE-2017-1000254;CVE-2017-1000257;CVE-2017-2628;CVE-2017-7468;CVE-2017-8816;CVE-2017-8817;CVE-2017-8818;CVE-2017-9502;CVE-2018-1000005;CVE-2018-1000007;CVE-2018-1000120;CVE-2018-1000121;CVE-2018-1000122;CVE-2018-1000301;CVE-2018-14618;CVE-2018-16839;CVE-2018-16842;CVE-2018-16890;CVE-2019-15601;CVE-2019-3822;CVE-2019-3823;CVE-2019-5435;CVE-2019-5436;CVE-2019-5443;CVE-2019-5481;CVE-2019-5482;CVE-2020-8169;CVE-2020-8177;CVE-2020-8284;CVE-2020-8285;CVE-2020-8286;CVE-2021-22876;CVE-2021-22890;CVE-2021-22897;CVE-2021-22898;CVE-2021-22922;CVE-2021-22923;CVE-2021-22924;CVE-2021-22925;CVE-2021-22926;CVE-2021-22946;CVE-2021-22947;CVE-2022-22576;CVE-2022-27774;CVE-2022-27775;CVE-2022-27776;CVE-2022-27778;CVE-2022-27779;CVE-2022-27780;CVE-2022-27781;CVE-2022-27782;CVE-2022-30115;CVE-2022-32205;CVE-2022-32206;CVE-2022-32207;CVE-2022-32208;CVE-2022-32221;CVE-2022-35252;CVE-2022-35260;CVE-2022-42915;CVE-2022-42916;CVE-2022-43552;CVE-2023-23914;CVE-2023-23915;CVE-2023-23916;CVE-2023-27533;CVE-2023-27534;CVE-2023-27535;CVE-2023-27536;CVE-2023-27538;CVE-2023-28319;CVE-2023-28320;CVE-2023-28321;CVE-2023-28322;CVE-2023-32001;CVE-2023-38039;CVE-2023-38545;CVE-2023-38546;CVE-2023-46218;CVE-2023-46219;CVE-2023-52071;CVE-2024-0853;CVE-2024-11053;CVE-2024-2004;CVE-2024-2379;CVE-2024-2398;CVE-2024-2466;CVE-2024-6197;CVE-2024-6874;CVE-2024-7264;CVE-2024-8096;CVE-2024-9681;CVE-2025-0167;CVE-2025-0665;CVE-2025-0725;CVE-2025-10148;CVE-2025-10966;CVE-2025-11563;CVE-2025-13034;CVE-2025-14017;CVE-2025-14524;CVE-2025-14819;CVE-2025-15079;CVE-2025-15224;CVE-2025-4947;CVE-2025-5025;CVE-2025-5399;CVE-2025-9086;CVE-2026-10536;CVE-2026-11352;CVE-2026-11564;CVE-2026-11586;CVE-2026-11856;CVE-2026-12064;CVE-2026-1965;CVE-2026-3783;CVE-2026-3784;CVE-2026-3805;CVE-2026-4873;CVE-2026-5545;CVE-2026-5773;CVE-2026-6253;CVE-2026-6276;CVE-2026-6429;CVE-2026-7009;CVE-2026-7168;CVE-2026-8286;CVE-2026-8458;CVE-2026-8924;CVE-2026-8925;CVE-2026-8926;CVE-2026-8927;CVE-2026-8932;CVE-2026-9079;CVE-2026-9080;CVE-2026-9545;CVE-2026-9546;CVE-2026-9547
tcpdump,native,4.99.3,sbom versionInfo,tcpdump-4.99.3,4.9.3,YES,YES,,,,149,0,7,1,3,147,0,0,0,0,CVE-2003-0108;CVE-2004-0183;CVE-2004-0184;CVE-2005-1267;CVE-2005-1278;CVE-2005-1279;CVE-2005-1280;CVE-2007-1218;CVE-2007-3798;CVE-2014-8767;CVE-2014-8769;CVE-2014-9140;CVE-2016-7922;CVE-2016-7923;CVE-2016-7924;CVE-2016-7925;CVE-2016-7926;CVE-2016-7927;CVE-2016-7928;CVE-2016-7929;CVE-2016-7930;CVE-2016-7931;CVE-2016-7932;CVE-2016-7933;CVE-2016-7934;CVE-2016-7935;CVE-2016-7936;CVE-2016-7937;CVE-2016-7938;CVE-2016-7939;CVE-2016-7940;CVE-2016-7973;CVE-2016-7974;CVE-2016-7975;CVE-2016-7983;CVE-2016-7984;CVE-2016-7985;CVE-2016-7986;CVE-2016-7992;CVE-2016-7993;CVE-2016-8574;CVE-2016-8575;CVE-2017-11108;CVE-2017-11541;CVE-2017-11542;CVE-2017-11543;CVE-2017-11544;CVE-2017-11545;CVE-2017-12893;CVE-2017-12894;CVE-2017-12895;CVE-2017-12896;CVE-2017-12897;CVE-2017-12898;CVE-2017-12899;CVE-2017-12900;CVE-2017-12901;CVE-2017-12902;CVE-2017-12985;CVE-2017-12986;CVE-2017-12987;CVE-2017-12988;CVE-2017-12989;CVE-2017-12990;CVE-2017-12991;CVE-2017-12992;CVE-2017-12993;CVE-2017-12994;CVE-2017-12995;CVE-2017-12996;CVE-2017-12997;CVE-2017-12998;CVE-2017-12999;CVE-2017-13000;CVE-2017-13001;CVE-2017-13002;CVE-2017-13003;CVE-2017-13004;CVE-2017-13005;CVE-2017-13006;CVE-2017-13007;CVE-2017-13008;CVE-2017-13009;CVE-2017-13010;CVE-2017-13011;CVE-2017-13012;CVE-2017-13013;CVE-2017-13014;CVE-2017-13015;CVE-2017-13016;CVE-2017-13017;CVE-2017-13018;CVE-2017-13019;CVE-2017-13020;CVE-2017-13021;CVE-2017-13022;CVE-2017-13023;CVE-2017-13024;CVE-2017-13025;CVE-2017-13026;CVE-2017-13027;CVE-2017-13028;CVE-2017-13029;CVE-2017-13030;CVE-2017-13031;CVE-2017-13032;CVE-2017-13033;CVE-2017-13034;CVE-2017-13035;CVE-2017-13036;CVE-2017-13037;CVE-2017-13038;CVE-2017-13039;CVE-2017-13040;CVE-2017-13041;CVE-2017-13042;CVE-2017-13043;CVE-2017-13044;CVE-2017-13045;CVE-2017-13046;CVE-2017-13047;CVE-2017-13048;CVE-2017-13049;CVE-2017-13050;CVE-2017-13051;CVE-2017-13052;CVE-2017-13053;CVE-2017-13054;CVE-2017-13055;CVE-2017-13687;CVE-2017-13688;CVE-2017-13689;CVE-2017-13690;CVE-2017-13725;CVE-2017-5202;CVE-2017-5203;CVE-2017-5204;CVE-2017-5205;CVE-2017-5341;CVE-2017-5342;CVE-2017-5482;CVE-2017-5483;CVE-2017-5484;CVE-2017-5485;CVE-2017-5486;CVE-2018-19519;CVE-2019-1010220;CVE-2023-1801;CVE-2024-2397
libcups,native,2.3.3,sbom versionInfo,v2.3.3,2.3.3,,YES,,2.4.19,YES,140,0,14,1,21,140,16,0,0,0,CVE-2004-0558;CVE-2004-0888;CVE-2004-0923;CVE-2004-1125;CVE-2004-1267;CVE-2004-1268;CVE-2004-1269;CVE-2004-1270;CVE-2004-2154;CVE-2005-0064;CVE-2005-0206;CVE-2005-2097;CVE-2005-2874;CVE-2005-3191;CVE-2005-3192;CVE-2005-3193;CVE-2005-3624;CVE-2005-3625;CVE-2005-3627;CVE-2005-4873;CVE-2006-1244;CVE-2007-0720;CVE-2007-4045;CVE-2007-4351;CVE-2007-4352;CVE-2007-5392;CVE-2007-5393;CVE-2007-5848;CVE-2007-5849;CVE-2007-6358;CVE-2008-0047;CVE-2008-0053;CVE-2008-0596;CVE-2008-0597;CVE-2008-0882;CVE-2008-1373;CVE-2008-1374;CVE-2008-1722;CVE-2008-3639;CVE-2008-3640;CVE-2008-3641;CVE-2008-5183;CVE-2008-5286;CVE-2009-0032;CVE-2009-0146;CVE-2009-0163;CVE-2009-0164;CVE-2009-0166;CVE-2009-0791;CVE-2009-0799;CVE-2009-0800;CVE-2009-0949;CVE-2009-1179;CVE-2009-1180;CVE-2009-1181;CVE-2009-1182;CVE-2009-1183;CVE-2009-1187;CVE-2009-1188;CVE-2009-1196;CVE-2009-2807;CVE-2009-2820;CVE-2009-3553;CVE-2010-0302;CVE-2010-0393;CVE-2010-0540;CVE-2010-0542;CVE-2010-1748;CVE-2010-2431;CVE-2010-2432;CVE-2010-2941;CVE-2010-5325;CVE-2012-4510;CVE-2012-5519;CVE-2012-6094;CVE-2013-6473;CVE-2013-6474;CVE-2013-6475;CVE-2013-6476;CVE-2013-6891;CVE-2014-2707;CVE-2014-2856;CVE-2014-3537;CVE-2014-4336;CVE-2014-4337;CVE-2014-4338;CVE-2014-5029;CVE-2014-5030;CVE-2014-5031;CVE-2014-8166;CVE-2014-9679;CVE-2015-1158;CVE-2015-1159;CVE-2015-2265;CVE-2015-2305;CVE-2015-3258;CVE-2015-3279;CVE-2015-6520;CVE-2015-8327;CVE-2015-8560;CVE-2017-7884;CVE-2018-4180;CVE-2018-4181;CVE-2018-4182;CVE-2018-4183;CVE-2018-4700;CVE-2018-6553;CVE-2019-8675;CVE-2019-8696;CVE-2020-10001;CVE-2020-3898;CVE-2021-25317;CVE-2022-26691;CVE-2023-24805;CVE-2023-32324;CVE-2023-32360;CVE-2023-34241;CVE-2023-4504;CVE-2024-35235;CVE-2024-47076;CVE-2024-47175;CVE-2024-47176;CVE-2024-47850;CVE-2025-57812;CVE-2025-58060;CVE-2025-58364;CVE-2025-58436;CVE-2025-61915;CVE-2025-64503;CVE-2025-64524;CVE-2026-27447;CVE-2026-34978;CVE-2026-34979;CVE-2026-34980;CVE-2026-34990;CVE-2026-39314;CVE-2026-39316;CVE-2026-41079;CVE-2026-64611;CVE-2026-64612
libxml2,native,2.11.0,resolved-from-AOSP-source,e7c3a4ca1be916d84e8182fb5de3a9c7a27bfe11,2.9.2,YES,YES,,2.15.3,YES,98,0,4,17,3,97,13,0,0,0,CVE-2004-0989;CVE-2007-6284;CVE-2008-3281;CVE-2008-3529;CVE-2008-3538;CVE-2008-4225;CVE-2008-4226;CVE-2008-4409;CVE-2009-2414;CVE-2009-2416;CVE-2010-4008;CVE-2011-0216;CVE-2011-1944;CVE-2011-2821;CVE-2011-2834;CVE-2011-3102;CVE-2011-3905;CVE-2011-3919;CVE-2012-0841;CVE-2012-2807;CVE-2012-5134;CVE-2013-0338;CVE-2013-1969;CVE-2013-2877;CVE-2014-0191;CVE-2014-3660;CVE-2015-5312;CVE-2015-7115;CVE-2015-7116;CVE-2015-7497;CVE-2015-7498;CVE-2015-7499;CVE-2015-7500;CVE-2015-7942;CVE-2015-8035;CVE-2015-8241;CVE-2015-8242;CVE-2015-8710;CVE-2016-1761;CVE-2016-4614;CVE-2016-4615;CVE-2016-4616;CVE-2016-4619;CVE-2016-9318;CVE-2016-9596;CVE-2016-9597;CVE-2016-9598;CVE-2017-15412;CVE-2017-16932;CVE-2017-18258;CVE-2017-5130;CVE-2017-5969;CVE-2017-7010;CVE-2017-7013;CVE-2017-7375;CVE-2017-7376;CVE-2017-8872;CVE-2017-9047;CVE-2017-9048;CVE-2017-9049;CVE-2017-9050;CVE-2018-14404;CVE-2018-14567;CVE-2018-9251;CVE-2019-19956;CVE-2020-27920;CVE-2020-9926;CVE-2022-29824;CVE-2022-49043;CVE-2023-28484;CVE-2023-29469;CVE-2023-39615;CVE-2023-45322;CVE-2024-25062;CVE-2024-34459;CVE-2024-40896;CVE-2024-56171;CVE-2025-12863;CVE-2025-24928;CVE-2025-26434;CVE-2025-27113;CVE-2025-32414;CVE-2025-32415;CVE-2025-49794;CVE-2025-49795;CVE-2025-49796;CVE-2025-6021;CVE-2025-6170;CVE-2025-7425;CVE-2025-8732;CVE-2025-9714;CVE-2026-0989;CVE-2026-0990;CVE-2026-0992;CVE-2026-11979;CVE-2026-1757;CVE-2026-6653;CVE-2026-6732
freetype,native,2.12.1,resolved-from-AOSP-source,0b62c1e43dc4b0e3c50662aac757e4f7321e5466,2.10.4,YES,YES,,2.14.3,YES,89,2,3,1,2,89,1,0,0,0,CVE-2006-0747;CVE-2006-1861;CVE-2006-2493;CVE-2006-2661;CVE-2006-3467;CVE-2007-1351;CVE-2007-2754;CVE-2007-3506;CVE-2008-1806;CVE-2008-1807;CVE-2008-1808;CVE-2009-0946;CVE-2010-1797;CVE-2010-2497;CVE-2010-2498;CVE-2010-2499;CVE-2010-2500;CVE-2010-2519;CVE-2010-2520;CVE-2010-2527;CVE-2010-2541;CVE-2010-2805;CVE-2010-2806;CVE-2010-2807;CVE-2010-2808;CVE-2010-3053;CVE-2010-3855;CVE-2011-3256;CVE-2011-3439;CVE-2012-1126;CVE-2012-1127;CVE-2012-1128;CVE-2012-1129;CVE-2012-1130;CVE-2012-1131;CVE-2012-1132;CVE-2012-1133;CVE-2012-1134;CVE-2012-1135;CVE-2012-1136;CVE-2012-1137;CVE-2012-1138;CVE-2012-1139;CVE-2012-1140;CVE-2012-1141;CVE-2012-1142;CVE-2012-1143;CVE-2012-1144;CVE-2012-5668;CVE-2012-5669;CVE-2012-5670;CVE-2014-2240;CVE-2014-2241;CVE-2014-9656;CVE-2014-9657;CVE-2014-9658;CVE-2014-9659;CVE-2014-9660;CVE-2014-9661;CVE-2014-9662;CVE-2014-9663;CVE-2014-9664;CVE-2014-9665;CVE-2014-9666;CVE-2014-9667;CVE-2014-9668;CVE-2014-9669;CVE-2014-9670;CVE-2014-9671;CVE-2014-9672;CVE-2014-9673;CVE-2014-9674;CVE-2014-9675;CVE-2014-9745;CVE-2014-9746;CVE-2014-9747;CVE-2016-10244;CVE-2016-10328;CVE-2017-7857;CVE-2017-7858;CVE-2017-7864;CVE-2017-8105;CVE-2017-8287;CVE-2018-6942;CVE-2020-15999;CVE-2023-2004;CVE-2025-27363;CVE-2026-23865;CVE-2026-50811
libpng,native,1.6.39,sbom versionInfo,v1.6.39,1.6.37,YES,YES,,1.6.58,YES,62,0,2,10,0,62,12,0,0,0,CVE-2004-0421;CVE-2004-0597;CVE-2004-0598;CVE-2004-0599;CVE-2004-0768;CVE-2004-0954;CVE-2004-0955;CVE-2006-0481;CVE-2006-3334;CVE-2006-5793;CVE-2007-2445;CVE-2007-5266;CVE-2007-5267;CVE-2007-5269;CVE-2008-3964;CVE-2008-5907;CVE-2009-0040;CVE-2009-2042;CVE-2009-5063;CVE-2010-0205;CVE-2010-1205;CVE-2011-2691;CVE-2011-3026;CVE-2011-3045;CVE-2011-3048;CVE-2011-3328;CVE-2011-3464;CVE-2013-6954;CVE-2013-7353;CVE-2013-7354;CVE-2014-0333;CVE-2014-9495;CVE-2015-0973;CVE-2015-7981;CVE-2015-8126;CVE-2015-8472;CVE-2015-8540;CVE-2016-10087;CVE-2017-12652;CVE-2018-13785;CVE-2018-14048;CVE-2018-14550;CVE-2019-17371;CVE-2019-6129;CVE-2019-7317;CVE-2021-4214;CVE-2022-3857;CVE-2025-28162;CVE-2025-28164;CVE-2025-64505;CVE-2025-64506;CVE-2025-64720;CVE-2025-65018;CVE-2025-66293;CVE-2026-22695;CVE-2026-22801;CVE-2026-25646;CVE-2026-33416;CVE-2026-33636;CVE-2026-34757;CVE-2026-3713;CVE-2026-40930
expat,native,2.5.0,sbom versionInfo,R_2_5_0,2.5.0,,YES,,2.8.2,YES,58,0,0,29,25,57,29,0,0,0,CVE-2009-2625;CVE-2009-3560;CVE-2009-3720;CVE-2011-2188;CVE-2013-0340;CVE-2013-0341;CVE-2016-0718;CVE-2017-11742;CVE-2018-20843;CVE-2021-45960;CVE-2021-46143;CVE-2022-22822;CVE-2022-22823;CVE-2022-22824;CVE-2022-22825;CVE-2022-22826;CVE-2022-22827;CVE-2022-23852;CVE-2022-23990;CVE-2022-25235;CVE-2022-25236;CVE-2022-25313;CVE-2022-25314;CVE-2022-25315;CVE-2022-40674;CVE-2022-43680;CVE-2023-52425;CVE-2023-52426;CVE-2024-28757;CVE-2024-45490;CVE-2024-45491;CVE-2024-45492;CVE-2024-50602;CVE-2024-8176;CVE-2025-59375;CVE-2025-66382;CVE-2026-24515;CVE-2026-25210;CVE-2026-32776;CVE-2026-32777;CVE-2026-32778;CVE-2026-41080;CVE-2026-45186;CVE-2026-4739;CVE-2026-50219;CVE-2026-56131;CVE-2026-56132;CVE-2026-56403;CVE-2026-56404;CVE-2026-56405;CVE-2026-56406;CVE-2026-56407;CVE-2026-56408;CVE-2026-56409;CVE-2026-56410;CVE-2026-56411;CVE-2026-56412;CVE-2026-72522
dnsmasq,native,2.51,sbom versionInfo,2.51,2.51,,YES,,,,53,0,9,27,38,53,27,0,0,0,CVE-2005-0876;CVE-2005-0877;CVE-2006-2017;CVE-2008-1447;CVE-2008-3350;CVE-2009-2957;CVE-2009-2958;CVE-2012-3411;CVE-2013-0198;CVE-2015-3294;CVE-2015-8899;CVE-2017-13704;CVE-2017-14491;CVE-2017-14492;CVE-2017-14493;CVE-2017-14494;CVE-2017-14495;CVE-2017-14496;CVE-2017-15107;CVE-2019-14513;CVE-2019-14834;CVE-2020-14312;CVE-2020-20145;CVE-2020-25681;CVE-2020-25682;CVE-2020-25683;CVE-2020-25684;CVE-2020-25685;CVE-2020-25686;CVE-2020-25687;CVE-2020-37127;CVE-2021-3448;CVE-2021-45951;CVE-2021-45952;CVE-2021-45953;CVE-2021-45954;CVE-2021-45955;CVE-2021-45956;CVE-2021-45957;CVE-2022-0934;CVE-2023-28450;CVE-2023-49441;CVE-2023-50387;CVE-2023-50868;CVE-2026-12725;CVE-2026-12969;CVE-2026-2291;CVE-2026-4890;CVE-2026-4891;CVE-2026-4892;CVE-2026-4893;CVE-2026-5172;CVE-2026-6507
SQLite,native,3.42.1,sbom versionInfo,3.42.1,,,YES,,3.53.4,YES,49,0,1,6,11,47,4,0,0,0,CVE-2011-0995;CVE-2015-3414;CVE-2015-7036;CVE-2017-6983;CVE-2017-6991;CVE-2017-7001;CVE-2017-7002;CVE-2019-19242;CVE-2019-19244;CVE-2019-19317;CVE-2019-19646;CVE-2019-19923;CVE-2019-19924;CVE-2019-19925;CVE-2019-19959;CVE-2019-5018;CVE-2019-8457;CVE-2020-11656;CVE-2020-13434;CVE-2020-13435;CVE-2020-13630;CVE-2020-13631;CVE-2020-13632;CVE-2020-13871;CVE-2020-15358;CVE-2020-9327;CVE-2020-9794;CVE-2020-9849;CVE-2020-9991;CVE-2021-0646;CVE-2021-20227;CVE-2021-45346;CVE-2022-21227;CVE-2022-31631;CVE-2022-43441;CVE-2023-7104;CVE-2024-0232;CVE-2025-29087;CVE-2025-29088;CVE-2025-3277;CVE-2025-6965;CVE-2025-70873;CVE-2025-7709;CVE-2026-11822;CVE-2026-11824;CVE-2026-50812;CVE-2026-50813;CVE-2026-54619;CVE-2026-54620
TensorFlow,native,2.9.1,sbom versionInfo,v2.9.1,,,YES,,,,48,0,0,45,3,3,0,0,0,0,CVE-2022-41880;CVE-2022-41884;CVE-2022-41886;CVE-2022-41887;CVE-2022-41888;CVE-2022-41889;CVE-2022-41890;CVE-2022-41891;CVE-2022-41893;CVE-2022-41894;CVE-2022-41895;CVE-2022-41896;CVE-2022-41897;CVE-2022-41898;CVE-2022-41899;CVE-2022-41900;CVE-2022-41901;CVE-2022-41902;CVE-2022-41907;CVE-2022-41908;CVE-2022-41909;CVE-2022-41910;CVE-2022-41911;CVE-2023-25658;CVE-2023-25659;CVE-2023-25660;CVE-2023-25661;CVE-2023-25662;CVE-2023-25663;CVE-2023-25664;CVE-2023-25665;CVE-2023-25666;CVE-2023-25667;CVE-2023-25668;CVE-2023-25669;CVE-2023-25670;CVE-2023-25671;CVE-2023-25672;CVE-2023-25673;CVE-2023-25674;CVE-2023-25675;CVE-2023-25676;CVE-2023-25801;CVE-2023-27579;CVE-2023-33976;CVE-2025-55556;CVE-2025-55559;CVE-2026-2492
libjpeg-turbo,native,2.1.0,resolved-from-AOSP-source,ad8b3b0f84baf155f3bde5626c3bf9d20535bcae,2.1.0,,YES,,3.2.0,YES,35,0,1,0,1,35,1,0,0,0,CVE-2012-2806;CVE-2013-6629;CVE-2013-6630;CVE-2016-6702;CVE-2017-15232;CVE-2017-9614;CVE-2018-10126;CVE-2018-1152;CVE-2019-13960;CVE-2019-2201;CVE-2020-13790;CVE-2020-14153;CVE-2020-17541;CVE-2020-35538;CVE-2021-0384;CVE-2021-20205;CVE-2021-29390;CVE-2021-39514;CVE-2021-39515;CVE-2021-39516;CVE-2021-39517;CVE-2021-39518;CVE-2021-39519;CVE-2021-39520;CVE-2021-46822;CVE-2022-31620;CVE-2022-31796;CVE-2022-32201;CVE-2022-32202;CVE-2022-32978;CVE-2022-35166;CVE-2022-37768;CVE-2022-37769;CVE-2022-37770;CVE-2023-2804
skia,native,112,resolved-from-AOSP-source,f24059cf165ab84fd46f4caa6df72d0ec55393a4,,,YES,,,,34,0,0,0,0,34,0,0,0,0,CVE-2018-18511;CVE-2019-5785;CVE-2026-10009;CVE-2026-10011;CVE-2026-10012;CVE-2026-10020;CVE-2026-13781;CVE-2026-13820;CVE-2026-13841;CVE-2026-13885;CVE-2026-13971;CVE-2026-14387;CVE-2026-14389;CVE-2026-14410;CVE-2026-14414;CVE-2026-14419;CVE-2026-14427;CVE-2026-14429;CVE-2026-15766;CVE-2026-15774;CVE-2026-6298;CVE-2026-6364;CVE-2026-7920;CVE-2026-7923;CVE-2026-7949;CVE-2026-8510;CVE-2026-8579;CVE-2026-9892;CVE-2026-9893;CVE-2026-9909;CVE-2026-9923;CVE-2026-9981;CVE-2026-9983;CVE-2026-9998
libexif,native,0.6.21,sbom versionInfo,0.6.21,,,YES,,0.6.26,YES,26,0,1,13,6,21,10,0,0,0,CVE-2005-0664;CVE-2006-4168;CVE-2007-2645;CVE-2012-2812;CVE-2012-2813;CVE-2012-2814;CVE-2012-2836;CVE-2012-2837;CVE-2012-2840;CVE-2012-2841;CVE-2016-6328;CVE-2017-7544;CVE-2018-20030;CVE-2019-9278;CVE-2020-0093;CVE-2020-0181;CVE-2020-0182;CVE-2020-0198;CVE-2020-0452;CVE-2020-12767;CVE-2020-13112;CVE-2020-13113;CVE-2020-13114;CVE-2026-32775;CVE-2026-40385;CVE-2026-40386
ICU,native,72,sbom versionInfo,72,,,YES,,78.3,YES,22,0,2,0,0,22,1,0,0,0,CVE-2007-4770;CVE-2007-4771;CVE-2008-1036;CVE-2009-0153;CVE-2011-4599;CVE-2013-2924;CVE-2014-6585;CVE-2014-6591;CVE-2014-8146;CVE-2014-8147;CVE-2014-9654;CVE-2015-1270;CVE-2015-2632;CVE-2015-5922;CVE-2017-14952;CVE-2017-17484;CVE-2017-7867;CVE-2017-7868;CVE-2018-18928;CVE-2020-10531;CVE-2024-32752;CVE-2025-5222
libpcre2,native,10.42,sbom versionInfo,pcre2-10.42,,,YES,,10.47,YES,21,0,0,0,1,21,1,0,0,0,CVE-2015-2327;CVE-2015-2328;CVE-2015-8380;CVE-2015-8382;CVE-2015-8383;CVE-2015-8384;CVE-2015-8385;CVE-2015-8386;CVE-2015-8387;CVE-2015-8388;CVE-2015-8389;CVE-2015-8390;CVE-2015-8391;CVE-2015-8392;CVE-2015-8393;CVE-2015-8394;CVE-2015-8395;CVE-2016-1283;CVE-2017-13846;CVE-2022-41409;CVE-2025-58050
elfutils,native,0.188,sbom versionInfo,elfutils-0.188,,,YES,,0.195,YES,19,0,0,0,7,19,0,0,0,0,CVE-2014-0172;CVE-2014-9447;CVE-2014-9486;CVE-2016-10254;CVE-2016-10255;CVE-2017-7607;CVE-2017-7608;CVE-2017-7610;CVE-2017-7611;CVE-2017-7612;CVE-2017-7613;CVE-2018-8769;CVE-2024-25260;CVE-2025-1352;CVE-2025-1365;CVE-2025-1371;CVE-2025-1372;CVE-2025-1376;CVE-2025-1377
lzma,native,19.00,sbom versionInfo,19.00,,,YES,,,,17,1,0,17,0,0,0,0,0,0,CVE-2022-29072;CVE-2023-31102;CVE-2024-11477;CVE-2025-0411;CVE-2025-53816;CVE-2025-53817;CVE-2025-55188;CVE-2026-14266;CVE-2026-48092;CVE-2026-48095;CVE-2026-48101;CVE-2026-48102;CVE-2026-48103;CVE-2026-48104;CVE-2026-48111;CVE-2026-48112;CVE-2026-58052
ipsec-tools,native,0.7.3,sbom versionInfo,0.7.3,,,YES,,,,14,0,1,0,0,14,0,0,0,0,CVE-2004-0155;CVE-2004-0403;CVE-2005-0398;CVE-2005-3732;CVE-2007-1841;CVE-2008-1198;CVE-2008-3651;CVE-2008-3652;CVE-2009-1574;CVE-2009-1632;CVE-2012-3727;CVE-2015-4047;CVE-2016-10396;CVE-2018-5389
protobuf,native,21.7,sbom versionInfo,v21.7,3.21.7,YES,YES,,,,13,0,0,1,1,12,0,0,0,0,CVE-2015-5237;CVE-2021-3121;CVE-2022-33070;CVE-2022-48468;CVE-2023-24535;CVE-2024-2410;CVE-2024-24786;CVE-2024-7254;CVE-2025-4565;CVE-2025-53605;CVE-2026-0994;CVE-2026-41242;CVE-2026-6409
webp,native,1.3.0,sbom versionInfo,v1.3.0,,,YES,,1.6.0,YES,13,1,0,2,0,13,1,0,0,0,CVE-2018-25009;CVE-2018-25010;CVE-2018-25011;CVE-2018-25012;CVE-2018-25013;CVE-2018-25014;CVE-2020-36328;CVE-2020-36329;CVE-2020-36330;CVE-2020-36331;CVE-2020-36332;CVE-2023-1999;CVE-2023-4863
bzip2,native,1.0.8,sbom versionInfo,bzip2-1.0.8,,,YES,,1.0.8,,10,0,1,0,1,10,0,0,0,0,CVE-2005-0758;CVE-2005-0953;CVE-2005-1260;CVE-2008-1372;CVE-2009-1884;CVE-2010-0405;CVE-2011-4089;CVE-2019-12900;CVE-2023-22895;CVE-2026-42250
ppp,native,2.4.7,sbom versionInfo,ppp-2.4.7,,,YES,,2.5.3,YES,10,0,0,2,5,10,2,0,0,0,CVE-2004-0564;CVE-2006-2194;CVE-2008-5366;CVE-2008-5367;CVE-2014-3158;CVE-2018-11574;CVE-2020-15704;CVE-2020-8597;CVE-2022-4603;CVE-2024-58250
zlib,native,1.2.13,resolved-from-AOSP-source,fa5dc4750029333c2486efa38eec7d13890108ed,,,YES,,1.3.2,YES,10,0,1,3,2,9,2,0,0,0,CVE-2004-0797;CVE-2005-1849;CVE-2005-2096;CVE-2009-1391;CVE-2018-25032;CVE-2022-42800;CVE-2023-45853;CVE-2026-22184;CVE-2026-27171;CVE-2026-3381
iperf3,native,3.9,sbom versionInfo,3.9,,,YES,,,,9,0,0,0,0,9,3,0,0,0,CVE-2023-26306;CVE-2023-38403;CVE-2023-7250;CVE-2024-26306;CVE-2024-53580;CVE-2025-54349;CVE-2025-54350;CVE-2025-54351;CVE-2026-67216
lua,native,5.4.1,sbom versionInfo,5.4.1,,,YES,,5.5.0,YES,9,0,0,5,6,8,1,0,0,0,CVE-2020-15889;CVE-2021-32921;CVE-2021-43519;CVE-2021-44647;CVE-2021-44964;CVE-2021-45985;CVE-2022-28805;CVE-2022-33099;CVE-2025-49844
libpcap,native,1.10.3,sbom versionInfo,libpcap-1.10.3,,,YES,,1.10.6,YES,8,0,0,2,3,8,0,0,0,0,CVE-2019-15161;CVE-2019-15162;CVE-2019-15163;CVE-2019-15164;CVE-2023-7256;CVE-2024-8006;CVE-2025-11961;CVE-2025-11964
f2fs-tools,native,1.16.0,resolved-from-AOSP-source,06c027abc6153c4a97cba5317844e8dcaaee3cf7,,,YES,,,,7,0,0,0,0,7,0,0,0,0,CVE-2018-9543;CVE-2020-6070;CVE-2020-6104;CVE-2020-6105;CVE-2020-6106;CVE-2020-6107;CVE-2020-6108
e2fsprogs,native,1.46.6,sbom versionInfo,v1.46.6,,,YES,,1.47.4,YES,6,0,0,0,0,6,0,0,0,0,CVE-2007-5497;CVE-2015-0247;CVE-2015-1572;CVE-2019-5094;CVE-2019-5188;CVE-2022-1304
harfbuzz_ng,native,6.0.0,sbom versionInfo,6.0.0,,,YES,,14.3.0,YES,6,0,0,2,3,5,0,0,0,0,CVE-2021-45931;CVE-2022-33068;CVE-2023-25193;CVE-2024-56732;CVE-2026-0943;CVE-2026-22693
libbpf,native,0.7,resolved-from-AOSP-source,9fab7c81ecd462ce6aa1eabd24b230f0fc6a14c7,,,YES,,,,6,0,0,0,4,5,0,0,0,0,CVE-2021-45940;CVE-2021-45941;CVE-2022-3533;CVE-2022-3534;CVE-2022-3606;CVE-2025-29481
libevent,native,2.1.12,sbom versionInfo,release-2.1.12-stable,,,YES,,2.1.13,YES,5,0,0,0,0,5,0,0,0,0,CVE-2007-1030;CVE-2014-6272;CVE-2016-10195;CVE-2016-10196;CVE-2016-10197
lz4,native,1.9.4,sbom versionInfo,v1.9.4,,,YES,,1.10.0,YES,5,0,0,1,0,4,0,0,0,0,CVE-2014-4715;CVE-2025-12183;CVE-2025-62813;CVE-2025-66566;CVE-2026-32829
iptables,native,1.8.7,sbom versionInfo,v1.8.7,,,YES,,1.8.13,YES,4,0,0,0,1,4,0,0,0,0,CVE-2004-0986;CVE-2012-2663;CVE-2015-8326;CVE-2020-0347
libcap,native,2.53,sbom versionInfo,libcap-2.53,,,YES,,2.78,YES,4,0,0,0,1,4,1,0,0,0,CVE-2023-2602;CVE-2023-2603;CVE-2025-1390;CVE-2026-4878
virglrenderer,native,0.10.4,sbom versionInfo,0.10.4,,,YES,,1.3.0,YES,4,0,0,0,0,4,0,0,0,0,CVE-2017-9021;CVE-2022-0135;CVE-2022-0175;CVE-2025-2509
tinyxml2,native,9.0.0,sbom versionInfo,9.0.0,,,YES,,,,3,0,0,2,3,3,0,0,0,0,CVE-2018-11210;CVE-2024-50614;CVE-2024-50615
brotli,native,1.0.9,sbom versionInfo,v1.0.9,,,YES,,,,2,0,0,0,0,2,0,0,0,0,CVE-2020-36846;CVE-2020-8927
erofs-utils,native,1.5,sbom versionInfo,v1.5,,,YES,,1.9.3,YES,2,0,0,0,2,2,0,0,0,0,CVE-2023-33551;CVE-2023-33552
iproute2,native,4.14.1,sbom versionInfo,v4.14.1,3.4.0,YES,YES,,7.1.0,YES,2,0,0,1,1,2,1,0,0,0,CVE-2019-20795;CVE-2022-3593
jsoncpp,native,1.9.5,sbom versionInfo,1.9.5,1.9.4,YES,YES,,,,2,0,0,0,0,2,0,0,0,0,CVE-2018-17850;CVE-2018-17851
libnl,native,3.7.0,sbom versionInfo,libnl3_7_0,,,YES,,3.12.0,YES,2,0,0,0,0,2,0,0,0,0,CVE-2017-0553;CVE-2022-20385
zstd,native,1.5.2,sbom versionInfo,v1.5.2,,,YES,,1.5.7,YES,2,0,0,0,1,2,0,0,0,0,CVE-2021-24032;CVE-2022-4899
bytes,rust,1.4.0,sbom versionInfo,1.4.0,,,YES,,,,1,0,0,0,0,0,0,1,1,1,CVE-2026-25541
chrono,rust,0.4.19,sbom versionInfo,0.4.19,,,YES,,,,1,0,0,0,0,0,0,0,1,0,CVE-2020-26235
exfatprogs,native,1.1.0,sbom versionInfo,1.1.0,,,YES,,,,1,0,0,0,0,1,0,0,0,0,CVE-2023-45897
extern/abseil-cpp,native,20200923.2,sbom versionInfo,20200923.2,,,YES,,,,1,0,0,0,0,1,0,0,0,0,CVE-2025-0838
libopus,native,1.3.1,resolved-from-AOSP-source,8cf872a186b96085b1bb3a547afd598354ebeb87,1.0.3,YES,YES,,,,1,0,0,0,0,1,0,0,0,0,CVE-2022-47021
mio,rust,0.8.6,sbom versionInfo,0.8.6,,,YES,,,,1,0,0,0,0,0,0,1,1,1,CVE-2024-27308
toybox,native,0.8.9,resolved-from-AOSP-source,d45ee3a2bc6271110312f01be867a9b6b91dd07f,,,YES,,,,1,0,0,0,0,1,0,0,0,0,CVE-2022-32298
ARM-software/optimized-routines,native,23.01,sbom versionInfo,v23.01,,,YES,,,,0,0,0,0,0,0,0,0,0,0,
BCC,native,,NONE,a39e181eaf7111f5a5416752a5757891278f17fa,,,NO,"opaque AOSP snapshot, no version marker",,,0,0,0,0,0,0,0,0,0,0,
FFT,native,,NONE,2006/12/28,,,NO,"versionInfo is a date (2006/12/28), not a release version",,,0,0,0,0,0,0,0,0,0,0,
GWP-ASan,native,,NONE,8f5e1755ca385566c0352a9bd292218cebfd3d0b,,,NO,LLVM-derived allocator shipped in-tree; versioned with the toolchain,,,0,0,0,0,0,0,0,0,0,0,
OpenCSD,native,1.4.0,sbom versionInfo,v1.4.0,,,YES,,,,0,0,0,0,0,0,0,0,0,0,
Scudo Standalone,native,,NONE,161cca266a9d0b6deb5f1fd2de8ad543649a7fa1,,,NO,LLVM-derived allocator shipped in-tree; versioned with the toolchain,,,0,0,0,0,0,0,0,0,0,0,
Wuffs Mirror Release C,native,,NONE,a0e2454f0c21369f9775cad3bcaf1e3bb1db70b6,,,NO,"mirror snapshot, no release version",,,0,0,0,0,0,0,0,0,0,0,
android_log-sys,rust,0.2.0,sbom versionInfo,0.2.0,,,YES,,,,0,0,0,0,0,0,0,0,0,0,
android_logger,rust,0.12.0,sbom versionInfo,0.12.0,,,YES,,,,0,0,0,0,0,0,0,0,0,0,
anyhow,rust,1.0.69,sbom versionInfo,1.0.69,,,YES,,,,0,0,0,0,0,0,0,0,0,0,
argh,rust,0.1.10,sbom versionInfo,0.1.10,,,YES,,,,0,0,0,0,0,0,0,0,0,0,
argh_shared,rust,0.1.10,sbom versionInfo,0.1.10,,,YES,,,,0,0,0,0,0,0,0,0,0,0,
async_task,rust,4.3.0,sbom versionInfo,4.3.0,,,YES,,,,0,0,0,0,0,0,0,0,0,0,
atomic,rust,0.5.1,sbom versionInfo,0.5.1,,,YES,,,,0,0,0,0,0,0,0,0,0,0,
beto-rust,native,,NONE,cf6c62c6e28c808634a13a7be092edef40ec6104,,,NO,"Google internal project snapshot, no release version",,,0,0,0,0,0,0,0,0,0,0,
bitflags,rust,1.3.2,sbom versionInfo,1.3.2,,,YES,,,,0,0,0,0,0,0,0,0,0,0,
byteorder,rust,1.4.3,sbom versionInfo,1.4.3,,,YES,,,,0,0,0,0,0,0,0,0,0,0,
cfg-if,rust,1.0.0,sbom versionInfo,1.0.0,,,YES,,,,0,0,0,0,0,0,0,0,0,0,
clap,rust,4.1.8,sbom versionInfo,4.1.8,,,YES,,,,0,0,0,0,0,0,0,0,0,0,
clap_lex,rust,0.3.2,sbom versionInfo,0.3.2,,,YES,,,,0,0,0,0,0,0,0,0,0,0,
crc32fast,rust,1.3.2,sbom versionInfo,1.3.2,,,YES,,,,0,0,0,0,0,0,0,0,0,0,
crossbeam-utils,rust,0.8.15,sbom versionInfo,0.8.15,,,YES,,,,0,0,0,0,0,0,0,0,0,0,
downcast-rs,rust,1.2.0,sbom versionInfo,1.2.0,,,YES,,,,0,0,0,0,0,0,0,0,0,0,
dynamic_depth,native,,NONE,222429857,,,NO,"opaque build id 222429857, not a release version",,,0,0,0,0,0,0,0,0,0,0,
eigen,native,3.4.0,sbom versionInfo,3.4.0,,,YES,,,,0,0,0,0,0,0,0,0,0,0,
env_logger,rust,0.10.0,sbom versionInfo,0.10.0,,,YES,,,,0,0,0,0,0,0,0,0,0,0,
fastrand,rust,1.9.0,sbom versionInfo,1.9.0,,,YES,,,,0,0,0,0,0,0,0,0,0,0,
fec,native,3.0.1,sbom versionInfo,3.0.1,,,YES,,,,0,0,0,0,0,0,0,0,0,0,
flatbuffers,native,2.0.7,sbom versionInfo,v2.0.7,,,YES,,,,0,0,0,0,0,0,0,0,0,0,
flate2,rust,1.0.25,sbom versionInfo,1.0.25,,,YES,,,,0,0,0,0,0,0,0,0,0,0,
fmtlib,native,7.1.3,sbom versionInfo,7.1.3,,,YES,,,,0,0,0,0,0,0,0,0,0,0,
fnv,rust,1.0.7,sbom versionInfo,1.0.7,,,YES,,,,0,0,0,0,0,0,0,0,0,0,
fsck_msdos,native,,NONE,b60894b10adb071a8dc2b6fea5f9867c24bc9c47,,,NO,"BSD-derived AOSP snapshot, no upstream release version",,,0,0,0,0,0,0,0,0,0,0,
fsverity-utils,native,,NONE,20e87c13075a8e5660a8d69fd6c93d4f7c5f01a5,,,NO,no version marker at pinned commit,,,0,0,0,0,0,0,0,0,0,0,
futures,rust,0.3.26,sbom versionInfo,0.3.26,,,YES,,,,0,0,0,0,0,0,0,0,0,0,
futures-channel,rust,0.3.26,sbom versionInfo,0.3.26,,,YES,,,,0,0,0,0,0,0,0,0,0,0,
futures-core,rust,0.3.26,sbom versionInfo,0.3.26,,,YES,,,,0,0,0,0,0,0,0,0,0,0,
futures-executor,rust,0.3.26,sbom versionInfo,0.3.26,,,YES,,,,0,0,0,0,0,0,0,0,0,0,
futures-io,rust,0.3.26,sbom versionInfo,0.3.26,,,YES,,,,0,0,0,0,0,0,0,0,0,0,
futures-sink,rust,0.3.26,sbom versionInfo,0.3.26,,,YES,,,,0,0,0,0,0,0,0,0,0,0,
futures-task,rust,0.3.26,sbom versionInfo,0.3.26,,,YES,,,,0,0,0,0,0,0,0,0,0,0,
futures-util,rust,0.3.26,sbom versionInfo,0.3.26,,,YES,,,,0,0,0,0,0,0,0,0,0,0,
gavinhoward/bc,native,6.5.0,sbom versionInfo,6.5.0,,,YES,,1.08.2,,0,0,0,0,0,0,0,0,0,0,
gdbstub,rust,0.6.4,sbom versionInfo,0.6.4,,,YES,,,,0,0,0,0,0,0,0,0,0,0,
gdbstub_arch,rust,0.2.4,sbom versionInfo,0.2.4,,,YES,,,,0,0,0,0,0,0,0,0,0,0,
getrandom,rust,0.2.8,sbom versionInfo,0.2.8,,,YES,,,,0,0,0,0,0,0,0,0,0,0,
gflags,native,2.2.2,sbom versionInfo,v2.2.2,,,YES,,,,0,0,0,0,0,0,0,0,0,0,
google-benchmark,native,,NONE,ea5a5bbff491fd625c6e3458f6edd680b8bd5452,,,NO,no version marker at pinned commit (test-only dependency),,,0,0,0,0,0,0,0,0,0,0,
googletest,native,,NONE,609281088cfefc76f9d0ce82e1ff6c30cc3591e5,,,NO,no version marker at pinned commit (test-only dependency),,,0,0,0,0,0,0,0,0,0,0,
gptfdisk,native,1.0.9.2,resolved-from-AOSP-source,cb4bf320748f701a0ed835d4a410f2960f1ce0bd,,,YES,,1.0.10,YES,0,0,0,0,0,0,0,0,0,0,
image_io,native,,NONE,222429857,,,NO,"opaque build id 222429857, not a release version",,,0,0,0,0,0,0,0,0,0,0,
intrusive-collections,rust,0.9.5,sbom versionInfo,0.9.5,,,YES,,,,0,0,0,0,0,0,0,0,0,0,
itoa,rust,1.0.5,sbom versionInfo,1.0.5,,,YES,,,,0,0,0,0,0,0,0,0,0,0,
lazy_static,rust,1.4.0,sbom versionInfo,1.4.0,,,YES,,,,0,0,0,0,0,0,0,0,0,0,
libc,rust,0.2.139,sbom versionInfo,0.2.139,,,YES,,,,0,0,0,0,0,0,0,0,0,0,
libdrm,native,2.4.109,sbom versionInfo,libdrm-2.4.109,,,YES,,2.4.134,YES,0,0,0,0,0,0,0,0,0,0,
libepoxy,native,1.5.10,sbom versionInfo,1.5.10,,,YES,,1.5.10,,0,0,0,0,0,0,0,0,0,0,
libgsm,native,1.0.18,sbom versionInfo,1.0.18,,,YES,,,,0,0,0,0,0,0,0,0,0,0,
liburing,native,2.2,sbom versionInfo,2.2,,,YES,,,,0,0,0,0,0,0,0,0,0,0,
libyuv,native,1837,resolved-from-AOSP-source,d53f1beecdd8d959f7a3f2e19bd0bd7e7227a233,,,YES,,,,0,0,0,0,0,0,0,0,0,0,
libz-sys,rust,1.1.8,sbom versionInfo,1.1.8,,,YES,,,,0,0,0,0,0,0,0,0,0,0,
log,rust,0.4.17,sbom versionInfo,0.4.17,,,YES,,,,0,0,0,0,0,0,0,0,0,0,
macaddr,rust,1.0.1,sbom versionInfo,1.0.1,,,YES,,,,0,0,0,0,0,0,0,0,0,0,
managed,rust,0.8.0,sbom versionInfo,0.8.0,,,YES,,,,0,0,0,0,0,0,0,0,0,0,
marisa-trie,native,0.2.6,sbom versionInfo,v0.2.6,,,YES,,,,0,0,0,0,0,0,0,0,0,0,
memchr,rust,2.4.1,sbom versionInfo,2.4.1,,,YES,,,,0,0,0,0,0,0,0,0,0,0,
memoffset,rust,0.8.0,sbom versionInfo,0.8.0,,,YES,,,,0,0,0,0,0,0,0,0,0,0,
minimal-lexical,rust,0.2.1,sbom versionInfo,0.2.1,,,YES,,,,0,0,0,0,0,0,0,0,0,0,
mksh,native,R59c,sbom versionInfo,mksh-R59c,,,YES,,,,0,0,0,0,0,0,0,0,0,0,
newfs_msdos,native,,NONE,6424881cc82a65a833fc6fb79730474caedf6222,,,NO,"BSD-derived AOSP snapshot, no upstream release version",,,0,0,0,0,0,0,0,0,0,0,
nix,rust,0.26.2,sbom versionInfo,0.26.2,,,YES,,,,0,0,0,0,0,0,0,0,0,0,
nom,rust,7.1.3,sbom versionInfo,7.1.3,,,YES,,,,0,0,0,0,0,0,0,0,0,0,
num-integer,rust,0.1.45,sbom versionInfo,0.1.45,,,YES,,,,0,0,0,0,0,0,0,0,0,0,
num-traits,rust,0.2.15,sbom versionInfo,0.2.15,,,YES,,,,0,0,0,0,0,0,0,0,0,0,
num_cpus,rust,1.15.0,sbom versionInfo,1.15.0,,,YES,,,,0,0,0,0,0,0,0,0,0,0,
once_cell,rust,1.17.1,sbom versionInfo,1.17.1,,,YES,,,,0,0,0,0,0,0,0,0,0,0,
one-true-awk,native,20221215,resolved-from-AOSP-source,5e49ea4d1f71d9134734011f2151cae4dbec5e5f,,,YES,,,,0,0,0,0,0,0,0,0,0,0,
os_str_bytes,rust,6.4.1,sbom versionInfo,6.4.1,,,YES,,,,0,0,0,0,0,0,0,0,0,0,
piex,native,0.27,sbom versionInfo,v0.27,,,YES,,,,0,0,0,0,0,0,0,0,0,0,
pin-project-lite,rust,0.2.9,sbom versionInfo,0.2.9,,,YES,,,,0,0,0,0,0,0,0,0,0,0,
pin-utils,rust,0.1.0,sbom versionInfo,0.1.0,,,YES,,,,0,0,0,0,0,0,0,0,0,0,
ppv-lite86,rust,0.2.17,sbom versionInfo,0.2.17,,,YES,,,,0,0,0,0,0,0,0,0,0,0,
rand,rust,0.8.5,sbom versionInfo,0.8.5,,,YES,,,,0,0,0,0,0,0,0,0,0,0,
rand_chacha,rust,0.3.1,sbom versionInfo,0.3.1,,,YES,,,,0,0,0,0,0,0,0,0,0,0,
rand_core,rust,0.6.4,sbom versionInfo,0.6.4,,,YES,,,,0,0,0,0,0,0,0,0,0,0,
remove_dir_all,rust,0.7.0,sbom versionInfo,0.7.0,,,YES,,,,0,0,0,0,0,0,0,0,0,0,
rustc-demangle-capi,rust,0.1.0,sbom versionInfo,0.1.0,,,YES,,,,0,0,0,0,0,0,0,0,0,0,
ryu,rust,1.0.13,sbom versionInfo,1.0.13,,,YES,,,,0,0,0,0,0,0,0,0,0,0,
selinux,native,3.5,sbom versionInfo,3.5,,,YES,,,,0,0,0,0,0,0,0,0,0,0,
serde,rust,1.0.152,sbom versionInfo,1.0.152,,,YES,,,,0,0,0,0,0,0,0,0,0,0,
serde_json,rust,1.0.93,sbom versionInfo,1.0.93,,,YES,,,,0,0,0,0,0,0,0,0,0,0,
slab,rust,0.4.8,sbom versionInfo,0.4.8,,,YES,,,,0,0,0,0,0,0,0,0,0,0,
smallvec,rust,1.10.0,sbom versionInfo,1.10.0,,,YES,,,,0,0,0,0,0,0,0,0,0,0,
socket2,rust,0.4.7,sbom versionInfo,0.4.7,,,YES,,,,0,0,0,0,0,0,0,0,0,0,
sonic,native,,NONE,60eeb064f62a106069d2ce148fabd724f9df9780,,,NO,"opaque AOSP snapshot, no version marker",,,0,0,0,0,0,0,0,0,0,0,
speex,native,1.2.1,sbom versionInfo,SpeexDSP-1.2.1,,,YES,,1.2.1,,0,0,0,0,0,0,0,0,0,0,
static_assertions,rust,1.1.0,sbom versionInfo,1.1.0,,,YES,,,,0,0,0,0,0,0,0,0,0,0,
tempfile,rust,3.3.0,sbom versionInfo,3.3.0,,,YES,,,,0,0,0,0,0,0,0,0,0,0,
termcolor,rust,1.2.0,sbom versionInfo,1.2.0,,,YES,,,,0,0,0,0,0,0,0,0,0,0,
tflite-support,native,0.1.0,sbom versionInfo,v0.1.0,,,YES,,,,0,0,0,0,0,0,0,0,0,0,
thiserror,rust,1.0.38,sbom versionInfo,1.0.38,,,YES,,,,0,0,0,0,0,0,0,0,0,0,
tokio,rust,1.25.0,sbom versionInfo,1.25.0,,,YES,,,,0,0,0,0,0,0,0,0,0,0,
utf,native,1.1,sbom versionInfo,1.1,,,YES,,,,0,0,0,0,0,0,0,0,0,0,
uuid,rust,1.3.0,sbom versionInfo,1.3.0,,,YES,,,,0,0,0,0,0,0,0,0,0,0,
xz-embedded,native,,NONE,3f438e15109229bb14ab45f285f4bff5412a9542,,,NO,"xz-embedded is a separate minimal decoder project, not xz-utils; it carries no release version. NOT in scope for xz-utils CVEs (incl. CVE-2024-3094).",,,0,0,0,0,0,0,0,0,0,0,
zerocopy,rust,0.6.1,sbom versionInfo,0.6.1,,,YES,,,,0,0,0,0,0,0,0,0,0,0,
zip,rust,0.6.4,sbom versionInfo,0.6.4,,,YES,,3.0,YES,0,0,0,0,0,0,0,0,0,0,
